Time,Day_of_week,Age_band_of_driver,Sex_of_driver,Educational_level,Vehicle_driver_relation,Driving_experience,Type_of_vehicle,Owner_of_vehicle,Service_year_of_vehicle,Defect_of_vehicle,Area_accident_occured,Lanes_or_Medians,Road_allignment,Types_of_Junction,Road_surface_type,Road_surface_conditions,Light_conditions,Weather_conditions,Type_of_collision,Number_of_vehicles_involved,Vehicle_movement,Casualty_class,Sex_of_casualty,Cause_of_accident
15:23:00,Wednesday,Over 51,Male,High school,Employee,,Automobile,Owner,,,School areas,Double carriageway (median),Tangent road with flat terrain,Y Shape,Asphalt roads,Wet or damp,Daylight,Raining,Vehicle with vehicle collision,3,Moving Backward,Driver or rider,Male,Moving Backward
12:30:00,Wednesday,31-50,Male,Junior high school,Owner,1-2yr,Automobile,Owner,Above 10yr,No defect,Other,other,Tangent road with flat terrain,No junction,Asphalt roads,Dry,Daylight,Normal,Vehicle with vehicle collision,2,Other,Driver or rider,Male,Moving Backward
12:30:00,Wednesday,Unknown,Male,Junior high school,Employee,2-5yr,Taxi,Owner,5-10yrs,, Industrial areas,Undivided Two way,Tangent road with flat terrain,No junction,Asphalt roads,Dry,Daylight,Normal,Collision with pedestrians,2,Going straight,na,na,Changing lane to the right
17:30:00,Tuesday,31-50,Male,Junior high school,Employee,1-2yr,,Owner,Unknown,No defect, Church areas,Two-way (divided with broken lines road marking),Tangent road with flat terrain,No junction,Asphalt roads,Dry,Daylight,Normal,Collision with pedestrians,2,Reversing,Driver or rider,Male,No priority to vehicle
17:30:00,Tuesday,Unknown,Male,Elementary school,Employee,Above 10yr,,Owner,,No defect,Office areas,Two-way (divided with broken lines road marking),Tangent road with flat terrain,No junction,Asphalt roads,Dry,Daylight,Normal,Vehicle with vehicle collision,2,Going straight,na,na,Driving at high speed
03:56:00,Sunday,31-50,Male,Junior high school,Employee,2-5yr,Automobile,Owner,,No defect,Other,Two-way (divided with broken lines road marking),Tangent road with flat terrain,Crossing,Earth roads,Dry,Darkness - lights lit,Normal,Vehicle with vehicle collision,2,Other,Pedestrian,Male,Driving under the influence of drugs
03:56:00,Sunday,31-50,Male,Junior high school,Employee,2-5yr,Pick up upto 10Q,Owner,,No defect,Office areas,Double carriageway (median),Tangent road with flat terrain,Crossing,Asphalt roads,Dry,Darkness - lights lit,Normal,Vehicle with vehicle collision,2,Other,Pedestrian,Male,Changing lane to the right
10:40:00,Sunday,Over 51,Male,Junior high school,Employee,2-5yr,,Owner,,No defect,Office areas,Double carriageway (median),Tangent road with flat terrain,Y Shape,Asphalt roads,Dry,Daylight,Normal,Collision with roadside objects,2,Other,na,na,Driving carelessly
10:40:00,Sunday,31-50,Male,Junior high school,Employee,2-5yr,Automobile,Governmental,,No defect,Office areas,Double carriageway (median),Tangent road with flat terrain,Y Shape,Asphalt roads,Dry,Daylight,Normal,Vehicle with vehicle collision,2,Stopping,Driver or rider,Male,No distancing
18:41:00,Thursday,31-50,Male,Elementary school,Employee,2-5yr,Public (12 seats),Owner,,No defect,Residential areas,Double carriageway (median),Tangent road with flat terrain,Crossing,Asphalt roads,Dry,Darkness - lights lit,Normal,Collision with roadside objects,2,Other,Driver or rider,Female,Changing lane to the left
18:41:00,Thursday,18-30,Male,Junior high school,Employee,2-5yr,Public (13?45 seats),Owner,,No defect,Office areas,Double carriageway (median),Tangent road with flat terrain,Crossing,Earth roads,Dry,Darkness - lights lit,Normal,Vehicle with vehicle collision,2,Other,Passenger,Female,No distancing
22:10:00,Thursday,18-30,Male,Elementary school,Employee,5-10yr,Lorry (11?40Q),Owner,2-5yrs,,Other,Undivided Two way,Tangent road with flat terrain,No junction,Asphalt roads,Dry,Darkness - lights lit,Normal,Vehicle with vehicle collision,1,Other,Passenger,Female,No distancing
20:41:00,Monday,31-50,Male,Elementary school,Employee,2-5yr,Stationwagen,Owner,2-5yrs,, Industrial areas,One way,,Crossing,Asphalt roads,Dry,Darkness - lights lit,Normal,Collision with roadside objects,2,Going straight,Driver or rider,Female,Getting off the vehicle improperly
20:41:00,Monday,18-30,Male,Junior high school,Employee,Above 10yr,Automobile,Owner,,No defect,Other,One way,Tangent road with flat terrain,Crossing,Asphalt roads,Dry,Darkness - lights lit,Normal,Vehicle with vehicle collision,2,Going straight,Passenger,Male,Overtaking
00:15:00,Friday,31-50,Male,Junior high school,Employee,Above 10yr,Public (> 45 seats),Owner,,No defect,Office areas,Double carriageway (median),Tangent road with flat terrain,No junction,Asphalt roads,Wet or damp,Darkness - lights lit,Raining,Vehicle with vehicle collision,1,Going straight,Passenger,Male,Driving carelessly
02:15:00,Saturday,31-50,Male,High school,Employee,Above 10yr,Lorry (41?100Q),Governmental,Unknown,,Office areas,Two-way (divided with broken lines road marking),Tangent road with flat terrain,Y Shape,Asphalt roads,Dry,Darkness - lights lit,Normal,Collision with roadside objects,1,Going straight,na,na,Driving under the influence of drugs
14:40:00,Saturday,Over 51,Male,Junior high school,Employee,5-10yr,Public (> 45 seats),Governmental,,No defect,,Double carriageway (median),Tangent road with flat terrain,Crossing,Asphalt roads,Dry,Daylight,Normal,Collision with roadside objects,2,Going straight,na,na,Moving Backward
14:40:00,Saturday,31-50,Male,Junior high school,Owner,2-5yr,,Owner,,,Other,,Tangent road with flat terrain,Crossing,Asphalt roads,Dry,Daylight,Normal,Vehicle with vehicle collision,2,Going straight,na,na,Overturning
15:20:00,Monday,18-30,Male,Elementary school,Employee,1-2yr,,Owner,Unknown,,Office areas,Double carriageway (median),Tangent road with flat terrain,No junction,Asphalt roads,Dry,Daylight,Normal,Vehicle with vehicle collision,3,Going straight,Driver or rider,Male,Driving under the influence of drugs
15:20:00,Monday,18-30,Male,Junior high school,Employee,2-5yr,Automobile,Owner,,No defect,Office areas,Two-way (divided with broken lines road marking),Tangent road with flat terrain,No junction,Other,Dry,Daylight,Normal,Vehicle with vehicle collision,3,Going straight,Driver or rider,Male,Changing lane to the right
15:20:00,Monday,Over 51,Male,Junior high school,Employee,5-10yr,Automobile,Owner,5-10yrs,,Office areas,Undivided Two way,Tangent road with flat terrain,No junction,Asphalt roads,Dry,Daylight,Normal,Vehicle with vehicle collision,3,Going straight,na,na,Changing lane to the left
19:25:00,Saturday,18-30,Male,,,,Lorry (41?100Q),Owner,,,Other,Undivided Two way,Tangent road with flat terrain,Crossing,Asphalt roads,Dry,Darkness - lights lit,Normal,Vehicle with vehicle collision,2,Going straight,na,na,No distancing
19:25:00,Saturday,18-30,Male,Elementary school,Owner,5-10yr,Automobile,Owner,,No defect,Other,Undivided Two way,Tangent road with flat terrain,Crossing,Asphalt roads,Dry,Darkness - lights lit,Normal,Vehicle with vehicle collision,2,Going straight,Driver or rider,Male,No distancing
07:00:00,Friday,18-30,Male,High school,Other,Above 10yr,Public (13?45 seats),Owner,,No defect,  Recreational areas,Undivided Two way,Tangent road with flat terrain,Y Shape,Asphalt roads,Dry,Daylight,Normal,Vehicle with vehicle collision,2,Reversing,na,na,No priority to vehicle
07:00:00,Friday,Unknown,Male,Junior high school,Employee,Above 10yr,Automobile,Owner,,No defect, Church areas,Undivided Two way,Tangent road with flat terrain,Y Shape,Asphalt roads,Dry,Daylight,Normal,Vehicle with vehicle collision,2,Going straight,Driver or rider,Male,Moving Backward
11:40:00,Tuesday,Unknown,Male,Junior high school,Employee,1-2yr,Public (> 45 seats),Other,1-2yr,No defect,  Recreational areas,other,Tangent road with flat terrain,Y Shape,Asphalt roads,Dry,Daylight,Normal,Vehicle with vehicle collision,1,Other,Pedestrian,Male,Moving Backward
22:39:00,Wednesday,Over 51,Male,High school,Owner,,Lorry (41?100Q),Owner,5-10yrs,No defect,School areas,other,Tangent road with flat terrain,Y Shape,Asphalt roads,Dry,Darkness - lights lit,Normal,Vehicle with vehicle collision,1,,Passenger,Female,Getting off the vehicle improperly
19:30:00,Tuesday,18-30,Male,Junior high school,Employee,2-5yr,Automobile,Owner,,No defect, Church areas,Double carriageway (median),Tangent road with flat terrain,Y Shape,Earth roads,Dry,Darkness - lights lit,Normal,Vehicle with vehicle collision,2,Getting off,na,na,Changing lane to the left
19:30:00,Tuesday,Unknown,Female,Junior high school,Employee,5-10yr,Lorry (11?40Q),Owner,5-10yrs,,Office areas,,Tangent road with flat terrain,Y Shape,Asphalt roads,Dry,Darkness - lights lit,Normal,Vehicle with vehicle collision,2,Going straight,Driver or rider,Female,Changing lane to the left
12:07:00,Tuesday,31-50,Male,Junior high school,Employee,2-5yr,Public (13?45 seats),Owner,2-5yrs,,Residential areas,One way,Steep grade downward with mountainous terrain,No junction,Asphalt roads,Dry,Daylight,Normal,Vehicle with vehicle collision,2,Going straight,Passenger,Male,No priority to vehicle
12:07:00,Tuesday,31-50,Male,Junior high school,Employee,Above 10yr,Public (13?45 seats),Owner,,No defect,Other,One way,Tangent road with flat terrain,No junction,Asphalt roads,Dry,Daylight,Normal,Vehicle with vehicle collision,2,Going straight,Driver or rider,Female,Changing lane to the right
22:40:00,Friday,18-30,Male,Elementary school,Employee,5-10yr,,Owner,,No defect,Other,Undivided Two way,Tangent road with flat terrain,Y Shape,Asphalt roads,Dry,Darkness - lights lit,Normal,Vehicle with vehicle collision,2,Going straight,na,na,Changing lane to the right
22:40:00,Friday,Unknown,Male,Junior high school,Employee,5-10yr,Long lorry,Governmental,1-2yr,No defect, Industrial areas,One way,Tangent road with flat terrain,Y Shape,Asphalt roads,Dry,Darkness - lights lit,Normal,Vehicle with vehicle collision,2,Turnover,Driver or rider,Female,Driving carelessly
16:00:00,Sunday,18-30,Male,Above high school,Employee,1-2yr,Lorry (41?100Q),Governmental,1-2yr,No defect, Church areas,other,Steep grade downward with mountainous terrain,Y Shape,Asphalt roads,Dry,Daylight,Normal,Vehicle with vehicle collision,3,Entering a junction,Pedestrian,Male,Changing lane to the left
16:00:00,Sunday,Unknown,Male,Elementary school,Employee,Above 10yr,Lorry (11?40Q),Organization,1-2yr,No defect,Office areas,other,Tangent road with flat terrain,Y Shape,Asphalt roads,Dry,Daylight,Normal,Vehicle with vehicle collision,3,Entering a junction,na,na,Changing lane to the right
16:00:00,Sunday,Unknown,Female,Elementary school,Employee,5-10yr,Lorry (41?100Q),Owner,Unknown,No defect,Office areas,Undivided Two way,Tangent road with flat terrain,Y Shape,Asphalt roads,Dry,Daylight,Normal,Collision with roadside objects,3,Entering a junction,Driver or rider,Male,Driving under the influence of drugs
20:55:00,Sunday,31-50,Male,Elementary school,Employee,2-5yr,Public (12 seats),Owner,,,Office areas,Double carriageway (median),Tangent road with flat terrain,Y Shape,Asphalt roads,Dry,Darkness - lights lit,Normal,Vehicle with vehicle collision,1,Entering a junction,na,na,Driving carelessly
08:50:00,Sunday,Over 51,Male,Elementary school,Employee,2-5yr,,Owner,2-5yrs,,Other,Two-way (divided with broken lines road marking),Tangent road with flat terrain,Crossing,Asphalt roads,Dry,Daylight,Normal,Collision with pedestrians,2,Other,Driver or rider,Male,No distancing
08:50:00,Sunday,18-30,Male,Junior high school,Employee,5-10yr,Taxi,Owner,,,Office areas,Undivided Two way,Tangent road with flat terrain,Crossing,Asphalt roads,Dry,Daylight,Normal,Vehicle with vehicle collision,2,Entering a junction,na,na,No priority to vehicle
21:41:00,Friday,18-30,Male,Junior high school,Employee,1-2yr,,Owner,,No defect,Other,Double carriageway (median),Tangent road with flat terrain,Y Shape,Asphalt roads,Dry,Darkness - lights lit,Normal,Collision with roadside objects,2,Turnover,na,na,No priority to vehicle
21:41:00,Friday,18-30,Male,Junior high school,Employee,5-10yr,Automobile,Owner,Above 10yr,No defect, Industrial areas,Two-way (divided with broken lines road marking),Tangent road with flat terrain,Y Shape,Asphalt roads,Dry,Darkness - lights lit,Normal,Vehicle with vehicle collision,2,Entering a junction,Driver or rider,Female,No priority to vehicle
21:41:00,Friday,18-30,Male,Junior high school,Employee,5-10yr,,Owner,,No defect,Residential areas,other,Tangent road with flat terrain,Y Shape,Asphalt roads,Dry,Darkness - lights lit,Normal,Vehicle with vehicle collision,2,Entering a junction,Pedestrian,Female,Changing lane to the left
11:36:00,Friday,31-50,Male,Above high school,Employee,5-10yr,Lorry (41?100Q),Owner,,No defect,Other,Two-way (divided with broken lines road marking),Tangent road with flat terrain,Crossing,Asphalt roads,Dry,Daylight,Normal,Vehicle with vehicle collision,2,Entering a junction,na,na,Moving Backward
11:36:00,Friday,18-30,Male,Junior high school,Employee,Above 10yr,Automobile,Owner,5-10yrs,,Other,One way,Tangent road with flat terrain,Crossing,Earth roads,Dry,Daylight,Normal,Vehicle with vehicle collision,2,Entering a junction,Driver or rider,Male,Driving carelessly
14:15:00,Friday,18-30,Male,Elementary school,Employee,2-5yr,Automobile,Owner,1-2yr,No defect,Other,One way,Tangent road with flat terrain,Y Shape,Asphalt roads,Dry,Daylight,Normal,Vehicle with vehicle collision,1,Entering a junction,Passenger,Male,Driving under the influence of drugs
16:30:00,Wednesday,Unknown,Male,Junior high school,Employee,5-10yr,Lorry (41?100Q),Owner,,,Other,Undivided Two way,Tangent road with flat terrain,Y Shape,,Dry,Daylight,Normal,Rollover,1,Other,Driver or rider,Female,Changing lane to the right
21:23:00,Saturday,18-30,Male,,,,Automobile,,,,Other,Two-way (divided with broken lines road marking),Tangent road with flat terrain,Crossing,Asphalt roads,Wet or damp,Darkness - lights lit,Normal,Collision with roadside objects,2,Going straight,Passenger,Male,No priority to vehicle
21:23:00,Saturday,Unknown,Male,Junior high school,Employee,5-10yr,Automobile,Governmental,Below 1yr,No defect,Residential areas,other,Steep grade downward with mountainous terrain,Crossing,Asphalt roads,Wet or damp,Darkness - lights lit,Normal,Vehicle with vehicle collision,2,Going straight,Driver or rider,Male,Changing lane to the right
14:58:00,Monday,31-50,Male,Junior high school,Employee,,Automobile,Owner,,No defect,Office areas,Two-way (divided with broken lines road marking),Tangent road with flat terrain,No junction,Asphalt roads,Dry,Daylight,Normal,Vehicle with vehicle collision,2,Other,Passenger,Female,Driving to the left
14:58:00,Monday,31-50,Male,Junior high school,Employee,,Taxi,Owner,,,Office areas,Two-way (divided with broken lines road marking),Tangent road with flat terrain,No junction,Asphalt roads,Dry,Daylight,Normal,Collision with roadside objects,2,Going straight,Passenger,Male,Moving Backward
09:30:00,Monday,31-50,Male,Junior high school,Employee,1-2yr,,Owner,Unknown,No defect,Other,Two-way (divided with broken lines road marking),Tangent road with flat terrain,Y Shape,Asphalt roads,Dry,Daylight,Normal,Vehicle with vehicle collision,1,Going straight,na,na,No priority to vehicle
17:45:00,Wednesday,31-50,Male,Above high school,Owner,5-10yr,,Owner,Above 10yr,No defect,Other,One way,Tangent road with flat terrain,Crossing,Asphalt roads,Dry,Darkness - lights lit,Normal,Vehicle with vehicle collision,2,Going straight,Driver or rider,Male,No distancing
17:45:00,Wednesday,18-30,Male,Junior high school,Employee,2-5yr,Automobile,Owner,,No defect,Office areas,Two-way (divided with broken lines road marking),Tangent road with flat terrain,Crossing,Asphalt roads,Dry,Darkness - lights lit,Normal,Vehicle with vehicle collision,2,Going straight,Driver or rider,Male,Driving carelessly
19:15:00,Thursday,Unknown,Male,Junior high school,Owner,5-10yr,Pick up upto 10Q,Owner,2-5yrs,,Office areas,Undivided Two way,Tangent road with flat terrain,Y Shape,Asphalt roads,Wet or damp,Darkness - lights lit,Raining,Vehicle with vehicle collision,1,Going straight,na,na,Changing lane to the left
10:41:00,Friday,31-50,Male,High school,Employee,2-5yr,,Owner,,No defect,Other,Two-way (divided with broken lines road marking),Tangent road with flat terrain,Crossing,Asphalt roads,Dry,Daylight,Normal,Vehicle with vehicle collision,1,Reversing,na,na,No priority to vehicle
21:15:00,Friday,31-50,Male,Junior high school,Employee,Above 10yr,Automobile,Owner,,No defect,Other,Two-way (divided with broken lines road marking),Tangent road with flat terrain,Y Shape,Gravel roads,Dry,Darkness - lights lit,Normal,Vehicle with vehicle collision,2,Moving Backward,Driver or rider,Male,No priority to vehicle
21:15:00,Friday,18-30,Male,Junior high school,Employee,Below 1yr,Public (12 seats),Governmental,Unknown,,Residential areas,Two-way (divided with broken lines road marking),Tangent road with flat terrain,Y Shape,Asphalt roads,Dry,Darkness - lights lit,Normal,Collision with pedestrians,2,Overtaking,Pedestrian,Female,No distancing
21:05:00,Sunday,31-50,Male,Junior high school,Employee,Below 1yr,Public (13?45 seats),Owner,1-2yr,No defect,Other,Undivided Two way,Tangent road with flat terrain,Crossing,Asphalt roads,Dry,Darkness - lights lit,Raining and Windy,Vehicle with vehicle collision,2,Going straight,Driver or rider,Male,Driving to the left
21:05:00,Sunday,Unknown,Female,,Owner,,Lorry (11?40Q),Owner,,No defect,Office areas,Undivided Two way,Tangent road with flat terrain,Crossing,Asphalt roads,Dry,Darkness - lights lit,Raining and Windy,Collision with roadside objects,2,Going straight,Driver or rider,Male,Driving carelessly
21:30:00,Saturday,Under 18,Male,Junior high school,Employee,2-5yr,Stationwagen,Owner,2-5yrs,No defect,Office areas,Undivided Two way,Tangent road with flat terrain,Crossing,Asphalt roads,Dry,Darkness - lights lit,Normal,Vehicle with vehicle collision,2,Going straight,Passenger,Female,Driving carelessly
21:30:00,Saturday,18-30,Male,,,,Ridden horse,,,,Other,Undivided Two way,Tangent road with flat terrain,Crossing,Asphalt roads,Dry,Darkness - lights lit,Normal,Vehicle with vehicle collision,2,Going straight,na,na,Changing lane to the right
16:55:00,Wednesday,Unknown,Male,Elementary school,Employee,No Licence,Stationwagen,Owner,Unknown,,Other,,Tangent road with flat terrain,No junction,Asphalt roads,Dry,Daylight,Normal,Vehicle with vehicle collision,1,Going straight,Driver or rider,Female,Driving carelessly
12:15:00,Monday,18-30,Male,Junior high school,Employee,Above 10yr,Automobile,Owner,Above 10yr,,Other,Undivided Two way,Tangent road with flat terrain,Y Shape,Asphalt roads,Dry,Daylight,Normal,Vehicle with vehicle collision,2,Going straight,Pedestrian,Female,Changing lane to the left
12:15:00,Monday,31-50,Male,Junior high school,Owner,Above 10yr,Automobile,Owner,,No defect,Office areas,,Tangent road with flat terrain,Y Shape,Asphalt roads,Dry,Daylight,Normal,Vehicle with vehicle collision,2,Going straight,Driver or rider,Male,Driving carelessly
17:35:00,Wednesday,Over 51,Male,Junior high school,Employee,Above 10yr,Other,Owner,Above 10yr,No defect,Office areas,Two-way (divided with broken lines road marking),Tangent road with flat terrain,Crossing,Asphalt roads,Dry,Darkness - lights lit,Normal,Vehicle with vehicle collision,2,Going straight,na,na,Driving carelessly
17:35:00,Wednesday,31-50,Male,Junior high school,Employee,Above 10yr,Taxi,Owner,,No defect,Other,Two-way (divided with broken lines road marking),Steep grade downward with mountainous terrain,Crossing,Asphalt roads,Dry,Darkness - lights lit,Normal,Vehicle with vehicle collision,2,Going straight,na,na,Driving under the influence of drugs
09:51:00,Tuesday,31-50,Male,Junior high school,Owner,5-10yr,Automobile,Owner,Above 10yr,No defect, Church areas,other,Tangent road with flat terrain,Crossing,Asphalt roads,Dry,Daylight,Normal,Vehicle with vehicle collision,2,Going straight,Driver or rider,Male,Driving carelessly
09:51:00,Tuesday,31-50,Male,Junior high school,Employee,Below 1yr,Stationwagen,Governmental,,No defect, Industrial areas,Undivided Two way,Tangent road with flat terrain,Crossing,Asphalt roads,Dry,Daylight,Normal,Vehicle with vehicle collision,2,Going straight,Pedestrian,Male,No distancing
16:20:00,Wednesday,31-50,Male,Junior high school,Employee,2-5yr,Automobile,Organization,2-5yrs,,Other,Undivided Two way,Tangent road with flat terrain,Y Shape,Asphalt roads,Dry,Daylight,Normal,Collision with roadside objects,2,Other,Driver or rider,Male,Driving carelessly
16:20:00,Wednesday,18-30,Male,Junior high school,Employee,,Public (12 seats),Owner,5-10yrs,No defect,Other,Two-way (divided with broken lines road marking),Tangent road with flat terrain,Y Shape,Asphalt roads,Dry,Daylight,Normal,Vehicle with vehicle collision,2,Going straight,na,na,Driving to the left
02:19:00,Thursday,Unknown,Female,Above high school,Employee,1-2yr,,Owner,1-2yr,,Office areas,Undivided Two way,Tangent road with mountainous terrain and,Y Shape,Asphalt roads,Dry,Darkness - lights lit,Normal,Collision with roadside objects,1,Moving Backward,na,na,Overtaking
18:00:00,Wednesday,18-30,Male,Junior high school,Employee,1-2yr,Automobile,Owner,Unknown,No defect,Other,One way,Tangent road with flat terrain,Y Shape,Asphalt roads,Wet or damp,Darkness - lights lit,Raining,Vehicle with vehicle collision,2,Other,Driver or rider,Male,No distancing
18:00:00,Wednesday,Unknown,Unknown,Junior high school,Employee,1-2yr,Lorry (41?100Q),Owner,Unknown,No defect,  Recreational areas,Undivided Two way,Steep grade downward with mountainous terrain,Y Shape,Asphalt roads,Wet or damp,Darkness - lights lit,Raining,Vehicle with vehicle collision,2,Going straight,Passenger,Female,Driving carelessly
12:00:00,Sunday,18-30,Male,Unknown,Employee,5-10yr,,Governmental,Unknown,No defect,Other,Two-way (divided with broken lines road marking),Steep grade downward with mountainous terrain,No junction,Other,Dry,Daylight,Normal,,1,Going straight,Driver or rider,Male,No priority to vehicle
19:31:00,Thursday,18-30,Male,Junior high school,Employee,Above 10yr,Public (> 45 seats),Governmental,5-10yrs,No defect, Church areas,Two-way (divided with broken lines road marking),Tangent road with flat terrain,No junction,Asphalt roads,Wet or damp,Darkness - lights lit,Raining,Collision with pedestrians,2,Going straight,na,na,No priority to vehicle
19:31:00,Thursday,Unknown,Male,Junior high school,Employee,Above 10yr,,Owner,,,Residential areas,Undivided Two way,Tangent road with flat terrain,No junction,Asphalt roads,Wet or damp,Darkness - lights lit,Raining,Vehicle with vehicle collision,2,Going straight,Driver or rider,Male,No priority to vehicle
15:33:00,Thursday,Unknown,Male,Junior high school,Employee,5-10yr,Public (12 seats),Owner,5-10yrs,No defect,Office areas,Two-way (divided with broken lines road marking),,Crossing,Asphalt roads,Dry,Daylight,Normal,Vehicle with vehicle collision,2,Going straight,na,na,No priority to vehicle
15:33:00,Thursday,Unknown,Male,Junior high school,Employee,2-5yr,Public (12 seats),Owner,2-5yrs,No defect,Other,Two-way (divided with broken lines road marking),Tangent road with flat terrain,Crossing,Asphalt roads,Dry,Daylight,Normal,Vehicle with vehicle collision,2,Going straight,Pedestrian,Male,No distancing
14:50:00,Friday,Over 51,Male,Junior high school,Employee,Below 1yr,Automobile,Governmental,2-5yrs,,Office areas,Undivided Two way,Tangent road with flat terrain,Y Shape,Asphalt roads,Dry,Daylight,Normal,Collision with pedestrians,1,Going straight,Pedestrian,Male,Moving Backward
10:50:00,Saturday,31-50,Male,Junior high school,Employee,1-2yr,,Owner,,,Office areas,other,Tangent road with flat terrain,Y Shape,Asphalt roads,Wet or damp,Daylight,Windy,Collision with roadside objects,1,Going straight,Pedestrian,Female,No distancing
18:52:00,Saturday,31-50,Male,Junior high school,Employee,5-10yr,Automobile,Owner,,No defect,Other,One way,Escarpments,No junction,Asphalt roads,Wet or damp,Darkness - lights lit,Normal,,1,Going straight,na,na,Changing lane to the left
16:50:00,Saturday,18-30,Male,Junior high school,Employee,Below 1yr,Lorry (41?100Q),Owner,,No defect,Residential areas,Undivided Two way,Tangent road with flat terrain,Y Shape,Other,Dry,Darkness - lights lit,Normal,Vehicle with vehicle collision,2,Other,Driver or rider,Male,Changing lane to the left
16:50:00,Saturday,31-50,Male,Elementary school,Employee,5-10yr,Public (12 seats),Owner,,No defect,  Recreational areas,One way,Tangent road with flat terrain,Y Shape,Asphalt roads,Dry,Darkness - lights lit,Normal,,2,Reversing,Pedestrian,Male,No priority to pedestrian
09:55:00,Saturday,31-50,Male,Junior high school,Employee,2-5yr,Lorry (11?40Q),Owner,,No defect, Church areas,Undivided Two way,Tangent road with flat terrain,Y Shape,Asphalt roads,Dry,Daylight,Normal,,1,Other,Driver or rider,Female,Moving Backward
09:10:00,Friday,31-50,Male,Junior high school,Employee,5-10yr,Automobile,Owner,,No defect,Other,One way,Tangent road with flat terrain,No junction,Asphalt roads,Wet or damp,Daylight,Raining,,2,Other,Driver or rider,Female,Changing lane to the left
09:10:00,Friday,31-50,Male,Elementary school,Employee,5-10yr,Automobile,Owner,,No defect,Other,Undivided Two way,Tangent road with flat terrain,No junction,Asphalt roads,Wet or damp,Daylight,Raining,Vehicle with vehicle collision,2,Reversing,Pedestrian,Male,No distancing
18:09:00,Monday,Over 51,Male,Junior high school,Employee,Above 10yr,Automobile,Owner,Unknown,No defect,Other,Two-way (divided with broken lines road marking),Tangent road with flat terrain,Crossing,Asphalt roads,Dry,Darkness - lights lit,Normal,Vehicle with vehicle collision,2,Going straight,Pedestrian,Female,No priority to vehicle
18:09:00,Monday,18-30,Male,Junior high school,Employee,1-2yr,Bajaj,Governmental,,No defect,Residential areas,other,Tangent road with flat terrain,Crossing,Asphalt roads,Dry,Darkness - lights lit,Normal,Collision with roadside objects,2,Going straight,na,na,Changing lane to the right
18:09:00,Monday,18-30,Male,High school,Employee,Below 1yr,Public (12 seats),Owner,Above 10yr,No defect,School areas,other,Tangent road with flat terrain,Crossing,Asphalt roads,Dry,Darkness - lights lit,Normal,Collision with roadside objects,2,Going straight,Driver or rider,Male,No distancing
12:55:00,Monday,31-50,Male,Elementary school,Employee,Above 10yr,Lorry (11?40Q),Owner,Above 10yr,No defect, Church areas,Two-way (divided with broken lines road marking),Tangent road with flat terrain,Y Shape,Asphalt roads,Dry,Daylight,Normal,Vehicle with vehicle collision,1,Going straight,Pedestrian,Male,No distancing
18:00:00,Tuesday,18-30,Male,High school,Owner,1-2yr,,Owner,Above 10yr,No defect,Other,other,Tangent road with flat terrain,Y Shape,,Dry,Darkness - lights lit,Normal,Vehicle with vehicle collision,2,Turnover,Passenger,Female,Getting off the vehicle improperly
18:00:00,Tuesday,18-30,Male,Junior high school,Employee,2-5yr,,Owner,Below 1yr,,Other,Two-way (divided with broken lines road marking),Tangent road with flat terrain,Y Shape,Other,Dry,Darkness - lights lit,Normal,Vehicle with vehicle collision,2,Going straight,Passenger,Female,No priority to pedestrian
11:30:00,Tuesday,31-50,Male,,Employee,5-10yr,Automobile,Owner,2-5yrs,,Office areas,Undivided Two way,Tangent road with flat terrain,Y Shape,Asphalt roads,Dry,Daylight,Normal,Vehicle with vehicle collision,1,Going straight,na,na,Changing lane to the left
10:30:00,Wednesday,31-50,Male,High school,Owner,2-5yr,Lorry (11?40Q),Owner,2-5yrs,,Office areas,Two-way (divided with broken lines road marking),Tangent road with flat terrain,Y Shape,Asphalt roads,Dry,Daylight,Normal,Vehicle with vehicle collision,1,Going straight,Pedestrian,Male,No distancing
18:36:00,Thursday,31-50,Male,High school,Employee,Above 10yr,Lorry (41?100Q),Owner,2-5yrs,No defect,Other,Undivided Two way,Tangent road with flat terrain,Other,Asphalt roads,Dry,Darkness - lights lit,Normal,Rollover,2,Going straight,Driver or rider,Male,Driving carelessly
18:36:00,Thursday,31-50,Male,Junior high school,Employee,1-2yr,Pick up upto 10Q,Owner,Below 1yr,No defect, Hospital areas,Undivided Two way,Tangent road with flat terrain,Other,Asphalt roads,Dry,Darkness - lights lit,Normal,Vehicle with vehicle collision,2,Going straight,na,na,No distancing
18:35:00,Sunday,18-30,Male,Elementary school,Employee,1-2yr,Lorry (11?40Q),Owner,2-5yrs,,Other,Undivided Two way,Tangent road with flat terrain,Y Shape,Asphalt roads with some distress,Dry,Darkness - lights lit,Normal,Collision with roadside objects,1,Moving Backward,na,na,Changing lane to the right
09:13:00,Friday,Over 51,Male,High school,Employee,1-2yr,Stationwagen,Owner,,,Other,Two-way (divided with broken lines road marking),Tangent road with flat terrain,Y Shape,,Dry,Daylight,Normal,Collision with pedestrians,2,Going straight,Driver or rider,Female,Overtaking
09:13:00,Friday,31-50,Male,Above high school,Employee,5-10yr,Other,Owner,,,Other,Undivided Two way,Tangent road with flat terrain,Y Shape,Asphalt roads,Dry,Daylight,Normal,Vehicle with vehicle collision,2,Going straight,na,na,Driving carelessly