Time,Day_of_week,Age_band_of_driver,Sex_of_driver,Educational_level,Vehicle_driver_relation,Driving_experience,Type_of_vehicle,Owner_of_vehicle,Service_year_of_vehicle,Defect_of_vehicle,Area_accident_occured,Lanes_or_Medians,Road_allignment,Types_of_Junction,Road_surface_type,Road_surface_conditions,Light_conditions,Weather_conditions,Type_of_collision,Number_of_vehicles_involved,Vehicle_movement,Casualty_class,Sex_of_casualty,Cause_of_accident
10:23:00,Wednesday,31-50,Male,Junior high school,Employee,2-5yr,Lorry (41?100Q),Owner,,,Other,Undivided Two way,Tangent road with flat terrain,No junction,Asphalt roads,Dry,Daylight,Normal,Collision with pedestrians,2,Turnover,Passenger,Male,No distancing
12:30:00,Wednesday,Under 18,Male,Writing & reading,Employee,5-10yr,Public (12 seats),Owner,Above 10yr,No defect,Residential areas,,Tangent road with flat terrain,Y Shape,Asphalt roads,Dry,Daylight,Normal,Vehicle with vehicle collision,1,Going straight,Passenger,Female,Moving Backward
01:05:00,Saturday,31-50,Male,Junior high school,Employee,Above 10yr,Public (12 seats),Owner,5-10yrs,No defect,Office areas,Undivided Two way,Tangent road with flat terrain,Crossing,Asphalt roads,Dry,Darkness - no lighting,Unknown,Collision with roadside objects,1,Getting off,na,na,Moving Backward
09:30:00,Monday,Unknown,Female,Junior high school,Employee,1-2yr,Stationwagen,Owner,,No defect,  Recreational areas,other,,Y Shape,Asphalt roads,Dry,Daylight,Normal,Vehicle with vehicle collision,1,Getting off,na,na,No distancing
15:25:00,Saturday,Unknown,Male,Writing & reading,Employee,Below 1yr,Lorry (41?100Q),Governmental,,No defect,Office areas,other,Tangent road with mild grade and flat terrain,Y Shape,Asphalt roads,Dry,Daylight,Normal,Collision with roadside objects,1,Going straight,Driver or rider,Male,No distancing
08:33:00,Saturday,18-30,Male,Elementary school,Employee,1-2yr,Automobile,Owner,5-10yrs,No defect, Industrial areas,other,Tangent road with flat terrain,Crossing,Asphalt roads,Dry,Daylight,Normal,Vehicle with vehicle collision,3,Overtaking,na,na,No distancing
08:33:00,Saturday,31-50,Male,Junior high school,Employee,5-10yr,Pick up upto 10Q,,,,,,,Crossing,Asphalt roads,Dry,Daylight,Normal,Vehicle with vehicle collision,3,Reversing,Passenger,Female,No priority to pedestrian
08:33:00,Saturday,31-50,Male,Elementary school,Employee,Above 10yr,Automobile,Owner,,No defect,Residential areas,Undivided Two way,Tangent road with flat terrain,Crossing,Asphalt roads,Dry,Daylight,Normal,Collision with pedestrians,3,Going straight,Driver or rider,Female,Driving carelessly
08:55:00,Tuesday,18-30,Male,Junior high school,Employee,5-10yr,Public (13?45 seats),Governmental,Above 10yr,No defect,Residential areas,other,Tangent road with flat terrain,Y Shape,Asphalt roads,Dry,Daylight,Normal,Vehicle with vehicle collision,1,Getting off,Driver or rider,Female,Changing lane to the right
10:30:00,Saturday,Unknown,Male,Elementary school,Employee,2-5yr,Public (> 45 seats),Owner,1-2yr,No defect, Industrial areas,other,Tangent road with flat terrain,No junction,Asphalt roads,Dry,Daylight,Normal,Vehicle with vehicle collision,1,Getting off,na,na,Changing lane to the left
18:20:00,Wednesday,18-30,Male,Junior high school,Employee,2-5yr,Stationwagen,Owner,2-5yrs,No defect,Residential areas,Undivided Two way,Tangent road with flat terrain,Y Shape,Gravel roads,Dry,Daylight,Unknown,Vehicle with vehicle collision,2,Reversing,Driver or rider,Female,Driving carelessly
18:20:00,Wednesday,Over 51,Male,Junior high school,Employee,Above 10yr,,Owner,Unknown,No defect,Residential areas,other,Tangent road with flat terrain,Y Shape,Asphalt roads,Dry,Daylight,Unknown,Vehicle with vehicle collision,2,Turnover,na,na,Driving carelessly
16:00:00,Tuesday,Unknown,Male,Junior high school,Employee,2-5yr,Lorry (41?100Q),Owner,,No defect,Office areas,Undivided Two way,Tangent road with flat terrain,No junction,Asphalt roads,Dry,Daylight,Normal,Collision with pedestrians,1,Moving Backward,Driver or rider,Female,No distancing
17:52:00,Saturday,18-30,Male,Junior high school,Owner,Below 1yr,Stationwagen,Owner,2-5yrs,No defect,Office areas,Double carriageway (median),Escarpments,Y Shape,Asphalt roads,Dry,Daylight,Normal,Vehicle with vehicle collision,2,Going straight,na,na,Other
17:52:00,Saturday,31-50,Male,Junior high school,Employee,2-5yr,Lorry (41?100Q),Owner,Above 10yr,No defect,Office areas,other,Tangent road with flat terrain,Y Shape,Other,Dry,Daylight,Normal,Vehicle with vehicle collision,2,Going straight,Driver or rider,Female,Changing lane to the right
15:15:00,Friday,18-30,Male,Junior high school,Employee,Above 10yr,Public (12 seats),Owner,1-2yr,No defect,Office areas,Undivided Two way,Escarpments,Y Shape,Asphalt roads,Dry,Daylight,Normal,Vehicle with vehicle collision,2,Going straight,na,na,Changing lane to the right
15:15:00,Friday,31-50,Male,Junior high school,Employee,2-5yr,Lorry (41?100Q),Owner,,No defect,Office areas,One way,Tangent road with flat terrain,Y Shape,Other,Dry,Daylight,Normal,Vehicle with vehicle collision,2,Going straight,Driver or rider,Male,No distancing
06:16:00,Friday,31-50,Male,Elementary school,Employee,Above 10yr,Other,Owner,,No defect,Office areas,Undivided Two way,Tangent road with flat terrain,Y Shape,Asphalt roads,Dry,Daylight,Normal,Collision with roadside objects,2,Reversing,na,na,No distancing
06:16:00,Friday,18-30,Male,Elementary school,Employee,Above 10yr,Stationwagen,Owner,,No defect,Office areas,other,Tangent road with flat terrain,Y Shape,Asphalt roads,Dry,Daylight,Normal,Vehicle with vehicle collision,2,Going straight,Pedestrian,Female,Overturning
07:45:00,Monday,18-30,Male,Elementary school,Other,Above 10yr,Automobile,Owner,Above 10yr,No defect,Residential areas,other,Tangent road with flat terrain,Crossing,Asphalt roads,Dry,Daylight,Normal,Vehicle with vehicle collision,2,Going straight,na,na,Driving at high speed
07:45:00,Monday,31-50,Male,Junior high school,Employee,Above 10yr,Public (> 45 seats),Owner,5-10yrs,No defect,Residential areas,One way,Tangent road with flat terrain,Crossing,Asphalt roads,Dry,Daylight,Normal,Vehicle with vehicle collision,2,Going straight,Driver or rider,Male,No priority to vehicle
17:35:00,Friday,31-50,Male,Junior high school,Employee,Below 1yr,Other,Owner,,No defect,Other,One way,Tangent road with flat terrain,Y Shape,Asphalt roads,Dry,Daylight,Normal,Vehicle with vehicle collision,1,Going straight,na,na,No priority to pedestrian
17:50:00,Friday,31-50,Male,Elementary school,Employee,5-10yr,Lorry (41?100Q),Owner,5-10yrs,No defect, Church areas,Undivided Two way,Tangent road with flat terrain,No junction,Asphalt roads,Dry,Daylight,Normal,Collision with roadside objects,2,Getting off,Driver or rider,Male,No priority to vehicle
17:50:00,Friday,Unknown,Male,Junior high school,Employee,2-5yr,Automobile,Owner,,No defect,  Recreational areas,other,Tangent road with flat terrain,No junction,Asphalt roads,Dry,Daylight,Normal,Vehicle with vehicle collision,2,Going straight,Pedestrian,Female,Other
07:05:00,Wednesday,Unknown,Female,Junior high school,Employee,Above 10yr,Public (> 45 seats),Owner,,, Industrial areas,Undivided Two way,Tangent road with flat terrain,Y Shape,Asphalt roads,Dry,Daylight,Normal,Vehicle with vehicle collision,1,Going straight,na,na,Other
20:21:00,Friday,18-30,Male,Junior high school,Employee,Below 1yr,,,,,Residential areas,other,,Y Shape,Asphalt roads,Dry,Daylight,Normal,Vehicle with vehicle collision,2,Going straight,Driver or rider,Female,Moving Backward
20:21:00,Friday,Over 51,Male,Junior high school,Owner,2-5yr,Automobile,Owner,Above 10yr,No defect,Residential areas,other,Tangent road with rolling terrain,Y Shape,Asphalt roads,Dry,Daylight,Normal,Vehicle with vehicle collision,2,Going straight,Driver or rider,Female,No distancing
08:05:00,Thursday,18-30,Male,Junior high school,Employee,Above 10yr,Pick up upto 10Q,Owner,2-5yrs,No defect,Office areas,Double carriageway (median),Tangent road with flat terrain,Crossing,Asphalt roads,Dry,Daylight,Normal,Vehicle with vehicle collision,2,Reversing,Driver or rider,Female,Moving Backward
08:05:00,Thursday,18-30,Male,Writing & reading,Employee,2-5yr,Public (12 seats),Owner,2-5yrs,No defect,  Market areas,Undivided Two way,Tangent road with flat terrain,Crossing,Asphalt roads,Dry,Daylight,Normal,Vehicle with vehicle collision,2,Moving Backward,Driver or rider,Female,No priority to vehicle
17:00:00,Sunday,31-50,Male,Junior high school,Employee,2-5yr,Lorry (41?100Q),,,,Unknown,other,Tangent road with flat terrain,Crossing,Asphalt roads,Dry,Daylight,Normal,Vehicle with vehicle collision,1,Going straight,Passenger,Male,Driving carelessly
17:00:00,Sunday,31-50,Male,High school,Employee,2-5yr,Lorry (41?100Q),Owner,,No defect, Industrial areas,other,Tangent road with flat terrain,Crossing,Asphalt roads,Dry,Daylight,Normal,Vehicle with vehicle collision,1,Going straight,Driver or rider,Male,No distancing
08:45:00,Sunday,18-30,Male,Junior high school,Employee,1-2yr,Lorry (41?100Q),Owner,,No defect,Residential areas,Two-way (divided with solid lines road marking),Tangent road with flat terrain,Y Shape,Asphalt roads,Dry,Daylight,Normal,Vehicle with vehicle collision,1,Going straight,Passenger,Male,Other
08:48:00,Wednesday,Over 51,Male,High school,Employee,5-10yr,Public (13?45 seats),Governmental,Below 1yr,No defect,Residential areas,Undivided Two way,Tangent road with flat terrain,Y Shape,Asphalt roads,Dry,Daylight,Normal,Vehicle with vehicle collision,1,Going straight,Driver or rider,Female,Changing lane to the right
09:50:00,Tuesday,18-30,Male,Elementary school,Employee,2-5yr,Lorry (41?100Q),Owner,5-10yrs,No defect,Other,Undivided Two way,Tangent road with flat terrain,Unknown,Asphalt roads,Dry,Daylight,Normal,Vehicle with vehicle collision,2,Going straight,na,na,No distancing
09:50:00,Tuesday,31-50,Male,Junior high school,Employee,1-2yr,Lorry (41?100Q),Governmental,,No defect,Residential areas,other,Tangent road with flat terrain,Unknown,Asphalt roads,Dry,Daylight,Normal,Collision with roadside objects,2,Going straight,Driver or rider,Female,Driving carelessly
12:30:00,Monday,31-50,Male,Elementary school,Employee,1-2yr,Motorcycle,Owner,1-2yr,No defect,Rural village areas,Undivided Two way,Gentle horizontal curve,Y Shape,Asphalt roads,Dry,Daylight,Normal,Collision with roadside objects,3,Turnover,na,na,No distancing
12:30:00,Monday,Unknown,Male,High school,Employee,No Licence,Lorry (41?100Q),Owner,2-5yrs,No defect,Rural village areas,Undivided Two way,Gentle horizontal curve,Y Shape,Asphalt roads,Dry,Daylight,Normal,Collision with roadside objects,3,Going straight,na,na,No priority to vehicle
12:30:00,Monday,18-30,Male,Junior high school,Owner,5-10yr,Ridden horse,Owner,,No defect,Office areas,Double carriageway (median),Tangent road with flat terrain,Y Shape,Asphalt roads,Dry,Daylight,Normal,Collision with pedestrians,3,Other,Driver or rider,Male,Changing lane to the right
08:38:00,Tuesday,18-30,Male,Junior high school,Employee,1-2yr,Automobile,Owner,2-5yrs,No defect,Residential areas,Undivided Two way,Gentle horizontal curve,Crossing,Earth roads,Dry,Daylight,Normal,Vehicle with vehicle collision,1,Going straight,na,na,No priority to pedestrian
10:30:00,Monday,31-50,Male,Junior high school,Employee,2-5yr,Lorry (41?100Q),Owner,,,Residential areas,other,Tangent road with flat terrain,No junction,Asphalt roads,Dry,Daylight,Normal,Vehicle with vehicle collision,2,Going straight,Passenger,Female,No priority to vehicle
10:30:00,Monday,Unknown,Male,Junior high school,Employee,5-10yr,Pick up upto 10Q,Owner,,7, Outside rural areas,other,Tangent road with flat terrain,No junction,Asphalt roads,Dry,Daylight,Normal,Collision with pedestrians,2,Going straight,na,na,Changing lane to the left
18:04:00,Saturday,31-50,Male,,,,Public (> 45 seats),Owner,Above 10yr,,Residential areas,other,Tangent road with flat terrain,Y Shape,Asphalt roads,Dry,Daylight,Normal,Vehicle with vehicle collision,1,Going straight,Driver or rider,Male,Turnover
18:04:00,Saturday,31-50,Male,,,,Stationwagen,Owner,5-10yrs,5, Church areas,other,Tangent road with flat terrain,Y Shape,Asphalt roads,Dry,Daylight,Normal,Vehicle with vehicle collision,1,Going straight,Pedestrian,Female,Driving to the left
07:45:00,Wednesday,31-50,Male,Junior high school,Employee,2-5yr,Automobile,Owner,,No defect,Office areas,Undivided Two way,Tangent road with flat terrain,Crossing,Asphalt roads,Dry,Daylight,Normal,Vehicle with vehicle collision,2,Moving Backward,na,na,Driving carelessly
07:45:00,Wednesday,Unknown,Male,Junior high school,Employee,Above 10yr,Public (12 seats),Owner,Unknown,No defect,Office areas,Two-way (divided with broken lines road marking),Tangent road with mountainous terrain and,Crossing,Asphalt roads,Dry,Daylight,Normal,Vehicle with vehicle collision,2,Moving Backward,Driver or rider,Female,Driving to the left
07:27:00,Tuesday,31-50,Male,Junior high school,Owner,Above 10yr,Automobile,Governmental,,No defect,Office areas,Two-way (divided with broken lines road marking),Escarpments,Y Shape,Asphalt roads,Dry,Daylight,Normal,Vehicle with vehicle collision,2,Moving Backward,Passenger,Male,Driving carelessly
07:27:00,Tuesday,31-50,Male,,,,Automobile,Owner,2-5yrs,,Other,Undivided Two way,Tangent road with mountainous terrain and,Y Shape,Asphalt roads,Dry,Daylight,Normal,Vehicle with vehicle collision,2,Other,Passenger,Male,No priority to pedestrian
10:05:00,Monday,31-50,Male,Elementary school,Owner,Above 10yr,Automobile,Owner,2-5yrs,,Other,Undivided Two way,Tangent road with flat terrain,Y Shape,Asphalt roads,Dry,Daylight,Normal,Collision with roadside objects,1,Going straight,na,na,Driving carelessly
14:35:00,Monday,31-50,Male,,,,Lorry (41?100Q),Owner,Unknown,No defect,Residential areas,Two-way (divided with broken lines road marking),Tangent road with flat terrain,No junction,Asphalt roads,Dry,Daylight,Normal,Collision with pedestrians,1,Unknown,Driver or rider,Male,Changing lane to the right
18:43:00,Wednesday,31-50,Male,Junior high school,Owner,5-10yr,Automobile,Owner,,,Other,Two-way (divided with broken lines road marking),Tangent road with flat terrain,No junction,Gravel roads,Dry,Daylight,Normal,Vehicle with vehicle collision,2,Turnover,na,na,Moving Backward
18:43:00,Wednesday,18-30,Male,Junior high school,Owner,Above 10yr,Automobile,Owner,Below 1yr,,Other,Undivided Two way,Tangent road with mild grade and flat terrain,No junction,Asphalt roads,Dry,Daylight,Normal,Vehicle with vehicle collision,2,Getting off,na,na,Driving carelessly
08:47:00,Wednesday,18-30,Male,High school,Owner,Above 10yr,Public (12 seats),Owner,5-10yrs,,Other,Two-way (divided with broken lines road marking),Tangent road with flat terrain,Y Shape,Earth roads,Dry,Daylight,Normal,Collision with roadside objects,2,Going straight,Driver or rider,Male,Changing lane to the right
08:47:00,Wednesday,Over 51,Male,,,,Taxi,Governmental,5-10yrs,No defect,Other,Undivided Two way,Tangent road with flat terrain,Y Shape,Asphalt roads,Dry,Daylight,Normal,Vehicle with vehicle collision,2,Going straight,Pedestrian,Male,Driving carelessly
08:55:00,Monday,31-50,Male,Elementary school,Employee,5-10yr,Automobile,Owner,2-5yrs,No defect,Other,Double carriageway (median),Tangent road with mild grade and flat terrain,No junction,Asphalt roads,Dry,Daylight,Normal,Vehicle with vehicle collision,2,Going straight,na,na,Driving carelessly
08:55:00,Monday,Unknown,Male,Elementary school,Owner,Above 10yr,Public (12 seats),Owner,,No defect,Other,Two-way (divided with broken lines road marking),Tangent road with flat terrain,No junction,Asphalt roads,Dry,Daylight,Normal,Vehicle with vehicle collision,2,Turnover,Driver or rider,Male,Driving carelessly
13:15:00,Monday,18-30,Male,Junior high school,Owner,Below 1yr,Stationwagen,Owner,2-5yrs,, Church areas,Two-way (divided with broken lines road marking),Tangent road with flat terrain,Crossing,Earth roads,Dry,Daylight,Normal,Vehicle with vehicle collision,2,Reversing,Passenger,Male,Changing lane to the right
13:15:00,Monday,31-50,Male,Junior high school,Owner,2-5yr,Stationwagen,Owner,5-10yrs,,Other,Undivided Two way,Tangent road with flat terrain,Crossing,Asphalt roads,Dry,Daylight,Normal,Vehicle with vehicle collision,2,Moving Backward,na,na,Changing lane to the right
08:20:00,Wednesday,31-50,Male,Junior high school,Owner,2-5yr,Automobile,Organization,2-5yrs,, Industrial areas,Two-way (divided with broken lines road marking),Tangent road with flat terrain,Y Shape,Asphalt roads,Dry,Daylight,Normal,Vehicle with vehicle collision,2,Other,na,na,Driving carelessly
08:20:00,Wednesday,31-50,Male,High school,Owner,5-10yr,Lorry (41?100Q),Owner,,No defect,Residential areas,Double carriageway (median),Tangent road with flat terrain,Y Shape,Asphalt roads,Dry,Daylight,Normal,Vehicle with vehicle collision,2,Going straight,Driver or rider,Female,Overtaking
13:31:00,Sunday,18-30,Male,Junior high school,Owner,,Automobile,Governmental,Above 10yr,No defect,Other,Two-way (divided with broken lines road marking),Tangent road with flat terrain,Y Shape,Asphalt roads,Dry,Daylight,Normal,Vehicle with vehicle collision,2,Going straight,Pedestrian,Female,Changing lane to the right
13:31:00,Sunday,18-30,Male,,Owner,Below 1yr,Public (12 seats),Owner,,No defect,Office areas,Two-way (divided with broken lines road marking),Tangent road with flat terrain,Y Shape,Asphalt roads,Dry,Daylight,Normal,Collision with roadside objects,2,Going straight,na,na,No distancing
18:30:00,Tuesday,18-30,Male,Elementary school,Owner,Above 10yr,Automobile,Owner,,No defect, Industrial areas,Unknown,Tangent road with flat terrain,Crossing,Asphalt roads,Dry,Daylight,Normal,Collision with roadside objects,1,Going straight,Driver or rider,Male,Other
01:55:00,Friday,18-30,Male,Elementary school,Owner,Below 1yr,Automobile,Owner,1-2yr,No defect, Industrial areas,Double carriageway (median),Tangent road with flat terrain,Y Shape,Asphalt roads,Dry,Darkness - lights lit,Normal,Collision with roadside objects,1,Going straight,na,na,Changing lane to the right
08:50:00,Tuesday,18-30,Male,Junior high school,Owner,5-10yr,Lorry (41?100Q),Owner,,No defect,Other,Two-way (divided with broken lines road marking),Tangent road with flat terrain,Y Shape,Asphalt roads,Dry,Daylight,Normal,Vehicle with vehicle collision,2,Going straight,Driver or rider,Male,Changing lane to the right
08:50:00,Tuesday,31-50,Male,Junior high school,Owner,5-10yr,Automobile,Organization,Above 10yr,, Hospital areas,Two-way (divided with broken lines road marking),Tangent road with flat terrain,Y Shape,Asphalt roads,Dry,Daylight,Normal,Collision with pedestrians,2,Going straight,Driver or rider,Female,Overtaking
08:59:00,Monday,31-50,Male,,Owner,,Motorcycle,Owner,Unknown,,Office areas,One way,Tangent road with flat terrain,Unknown,Asphalt roads,Dry,Daylight,Normal,Vehicle with vehicle collision,2,Going straight,Passenger,Female,Other
08:59:00,Monday,18-30,Male,Junior high school,Employee,1-2yr,,Owner,2-5yrs,No defect, Church areas,Undivided Two way,Tangent road with flat terrain,Unknown,Asphalt roads,Dry,Daylight,Normal,Collision with pedestrians,2,Going straight,Driver or rider,Female,Driving to the left
08:20:00,Monday,18-30,Male,High school,Owner,5-10yr,Automobile,Organization,5-10yrs,No defect, Hospital areas,Undivided Two way,Tangent road with mountainous terrain and,Y Shape,Asphalt roads,Dry,Daylight,Normal,Vehicle with vehicle collision,2,Other,na,na,Overtaking
08:20:00,Monday,18-30,Male,Junior high school,Employee,5-10yr,Automobile,Owner,Above 10yr,No defect,Office areas,other,Tangent road with flat terrain,Y Shape,Asphalt roads,Dry,Daylight,Normal,Collision with pedestrians,2,Moving Backward,Driver or rider,Female,No priority to vehicle
20:15:00,Sunday,Under 18,Male,Junior high school,Employee,5-10yr,Automobile,Owner,2-5yrs,No defect,Other,Two-way (divided with broken lines road marking),Escarpments,Y Shape,Asphalt roads,Dry,Daylight,Normal,Vehicle with vehicle collision,2,Going straight,Driver or rider,Female,Moving Backward
20:15:00,Sunday,31-50,Male,Junior high school,Employee,5-10yr,Public (> 45 seats),Owner,1-2yr,,Office areas,Undivided Two way,Tangent road with flat terrain,Y Shape,Asphalt roads,Dry,Daylight,Normal,Vehicle with vehicle collision,2,Moving Backward,Driver or rider,Female,Other
17:01:00,Friday,31-50,Male,Junior high school,Employee,Above 10yr,,Owner,2-5yrs,,Office areas,Two-way (divided with broken lines road marking),Tangent road with mountainous terrain and,No junction,Asphalt roads,Dry,Daylight,Normal,Vehicle with vehicle collision,2,Going straight,Driver or rider,Female,No priority to vehicle
17:01:00,Friday,31-50,Male,Junior high school,Employee,5-10yr,Automobile,Owner,,No defect,Other,Double carriageway (median),Steep grade downward with mountainous terrain,No junction,Asphalt roads,Dry,Daylight,Normal,Vehicle with vehicle collision,2,Moving Backward,na,na,No priority to pedestrian
08:17:00,Tuesday,31-50,Male,Junior high school,Employee,No Licence,Automobile,Owner,1-2yr,No defect,Office areas,Undivided Two way,Tangent road with mild grade and flat terrain,Y Shape,Asphalt roads,Dry,Daylight,Normal,Vehicle with vehicle collision,2,,na,na,Changing lane to the right
08:17:00,Tuesday,18-30,Male,Above high school,Employee,Below 1yr,Other,Owner,,No defect,Residential areas,Undivided Two way,Tangent road with flat terrain,Y Shape,Asphalt roads,Dry,Daylight,Normal,Vehicle with vehicle collision,2,Going straight,Driver or rider,Male,Changing lane to the right
08:17:00,Tuesday,18-30,Male,Elementary school,Employee,5-10yr,Stationwagen,Owner,Unknown,,Other,Two-way (divided with broken lines road marking),Tangent road with flat terrain,Y Shape,Asphalt roads,Dry,Daylight,Normal,Vehicle with vehicle collision,2,Going straight,Driver or rider,Male,Changing lane to the right
17:52:00,Monday,18-30,Male,Elementary school,Employee,5-10yr,Lorry (41?100Q),Owner,2-5yrs,,Office areas,Double carriageway (median),Tangent road with flat terrain,T Shape,Earth roads,Dry,Daylight,Normal,Vehicle with vehicle collision,2,Going straight,na,na,Driving to the left
17:52:00,Monday,Unknown,Female,Junior high school,Employee,5-10yr,Taxi,Owner,5-10yrs,,Office areas,Undivided Two way,Tangent road with mountainous terrain and,T Shape,Asphalt roads,Dry,Daylight,Normal,Vehicle with vehicle collision,2,Going straight,Driver or rider,Male,Changing lane to the left
07:15:00,Tuesday,Unknown,Male,High school,Employee,5-10yr,Other,,,,Office areas,other,Tangent road with flat terrain,Crossing,Asphalt roads,Dry,Daylight,Normal,Vehicle with vehicle collision,2,Other,Passenger,Female,Moving Backward
07:15:00,Tuesday,Unknown,Female,Junior high school,Employee,5-10yr,Public (12 seats),Owner,5-10yrs,No defect,Other,Two-way (divided with broken lines road marking),Tangent road with mild grade and flat terrain,Crossing,Other,Dry,Daylight,Normal,Vehicle with vehicle collision,2,Going straight,na,na,Driving at high speed
18:46:00,Wednesday,18-30,Male,Junior high school,Employee,2-5yr,Automobile,Owner,,No defect, Church areas,Undivided Two way,Tangent road with flat terrain,No junction,Asphalt roads,Dry,Daylight,Normal,Vehicle with vehicle collision,2,Moving Backward,na,na,Moving Backward
18:46:00,Wednesday,18-30,Male,Writing & reading,Employee,5-10yr,Automobile,Owner,Unknown,No defect, Industrial areas,Undivided Two way,Tangent road with flat terrain,No junction,Asphalt roads,Dry,Daylight,Normal,Rollover,2,Moving Backward,Driver or rider,Female,No distancing
18:46:00,Wednesday,18-30,Male,Junior high school,Employee,Above 10yr,Public (13?45 seats),Owner,1-2yr,No defect,Office areas,Double carriageway (median),Tangent road with flat terrain,No junction,Asphalt roads,Dry,Daylight,Normal,Collision with roadside objects,2,Moving Backward,na,na,Other
18:46:00,Wednesday,18-30,Male,Junior high school,Employee,1-2yr,Lorry (41?100Q),Owner,Unknown,No defect, Church areas,Undivided Two way,Tangent road with flat terrain,No junction,Asphalt roads,Dry,Daylight,Normal,Vehicle with vehicle collision,2,Going straight,Driver or rider,Male,No priority to vehicle
18:46:00,Wednesday,18-30,Male,Writing & reading,Employee,Below 1yr,Lorry (41?100Q),Owner,,,Office areas,Undivided Two way,Tangent road with flat terrain,No junction,Asphalt roads,Dry,Daylight,Normal,Vehicle with vehicle collision,2,Going straight,Passenger,Female,Changing lane to the right
00:41:00,Friday,Unknown,Male,Elementary school,Employee,1-2yr,Lorry (11?40Q),Owner,,No defect,Office areas,other,Tangent road with flat terrain,Y Shape,Asphalt roads,Dry,Darkness - lights lit,Normal,Vehicle with vehicle collision,2,Going straight,Pedestrian,Male,Other
00:41:00,Friday,31-50,Male,Junior high school,Employee,5-10yr,Motorcycle,Owner,,,Residential areas,Two-way (divided with broken lines road marking),Tangent road with flat terrain,Y Shape,Asphalt roads,Dry,Darkness - lights lit,Normal,Collision with pedestrians,2,Going straight,na,na,No distancing
08:40:00,Monday,31-50,Male,Junior high school,Employee,1-2yr,Lorry (41?100Q),Owner,5-10yrs,,Office areas,Two-way (divided with broken lines road marking),Tangent road with flat terrain,Y Shape,Asphalt roads,Dry,Daylight,Normal,Collision with pedestrians,2,Other,Driver or rider,Female,Driving carelessly
08:40:00,Monday,18-30,Male,Elementary school,Owner,5-10yr,Stationwagen,Owner,5-10yrs,,Residential areas,Undivided Two way,Tangent road with flat terrain,Y Shape,Asphalt roads,Dry,Daylight,Normal,Vehicle with vehicle collision,2,Going straight,Driver or rider,Female,No distancing
07:00:00,Sunday,Over 51,Male,Junior high school,Employee,2-5yr,Automobile,Owner,2-5yrs,,Office areas,Double carriageway (median),Tangent road with flat terrain,Crossing,Asphalt roads,Dry,Daylight,Normal,Vehicle with vehicle collision,2,Going straight,na,na,Moving Backward
07:00:00,Sunday,31-50,Male,Junior high school,Owner,Below 1yr,Other,Owner,2-5yrs,No defect,Office areas,Double carriageway (median),Tangent road with flat terrain,Crossing,Asphalt roads,Dry,Daylight,Normal,Collision with pedestrians,2,Going straight,Driver or rider,Male,No distancing
16:15:00,Wednesday,31-50,Male,Writing & reading,Employee,5-10yr,Other,,,No defect,Other,Two-way (divided with broken lines road marking),Tangent road with flat terrain,Y Shape,Asphalt roads,Dry,Daylight,Normal,Collision with pedestrians,2,Reversing,Pedestrian,Male,Moving Backward
16:15:00,Wednesday,18-30,Male,Writing & reading,Employee,5-10yr,Taxi,Owner,Unknown,No defect,Other,Two-way (divided with broken lines road marking),Tangent road with flat terrain,Y Shape,Asphalt roads,Dry,Daylight,Normal,Collision with pedestrians,2,Moving Backward,na,na,No priority to pedestrian
08:35:00,Wednesday,18-30,Male,Junior high school,Employee,5-10yr,Automobile,Owner,Above 10yr,No defect,Residential areas,Two-way (divided with broken lines road marking),Tangent road with flat terrain,Y Shape,Asphalt roads,Dry,Daylight,Normal,Vehicle with vehicle collision,2,Going straight,Driver or rider,Male,Changing lane to the left
08:35:00,Wednesday,31-50,Female,Junior high school,Employee,2-5yr,Long lorry,Owner,Unknown,, Church areas,Two-way (divided with broken lines road marking),Tangent road with flat terrain,Y Shape,Asphalt roads,Dry,Daylight,Normal,Collision with roadside objects,2,Going straight,Pedestrian,Female,No distancing
09:40:00,Monday,31-50,Male,Junior high school,Employee,Above 10yr,Long lorry,Governmental,Unknown,No defect, Church areas,Double carriageway (median),Tangent road with flat terrain,Crossing,Asphalt roads,Dry,Daylight,Normal,Vehicle with vehicle collision,1,Reversing,na,na,Other
23:21:00,Tuesday,Unknown,Female,Junior high school,Employee,5-10yr,Lorry (41?100Q),Owner,2-5yrs,No defect,Residential areas,Double carriageway (median),Tangent road with flat terrain,Y Shape,Asphalt roads,Dry,Darkness - lights lit,Normal,Vehicle with vehicle collision,1,Going straight,Passenger,Male,No distancing
12:00:00,Saturday,31-50,Male,Junior high school,Employee,Above 10yr,Lorry (41?100Q),Owner,,No defect,Office areas,Two-way (divided with broken lines road marking),Tangent road with mild grade and flat terrain,Y Shape,Asphalt roads,Dry,Daylight,Normal,Collision with roadside objects,2,Reversing,Passenger,Female,No priority to pedestrian
12:00:00,Saturday,Unknown,Female,Junior high school,Employee,2-5yr,Lorry (11?40Q),Owner,5-10yrs,No defect,Office areas,Two-way (divided with broken lines road marking),Tangent road with mild grade and flat terrain,Y Shape,Asphalt roads,Dry,Daylight,Normal,Vehicle with vehicle collision,2,Other,Pedestrian,Male,Moving Backward
02:25:00,Tuesday,Unknown,Male,Junior high school,Employee,Below 1yr,Automobile,Owner,2-5yrs,,Residential areas,Two-way (divided with broken lines road marking),Tangent road with flat terrain,Y Shape,Asphalt roads,Dry,Darkness - lights lit,Normal,Vehicle with vehicle collision,2,,na,na,No priority to pedestrian
02:25:00,Tuesday,Unknown,Female,Junior high school,Employee,Below 1yr,Taxi,Owner,5-10yrs,, Church areas,other,Tangent road with flat terrain,Y Shape,Gravel roads,Dry,Darkness - lights lit,Normal,Vehicle with vehicle collision,2,Going straight,Driver or rider,Male,No distancing