Time,Day_of_week,Age_band_of_driver,Sex_of_driver,Educational_level,Vehicle_driver_relation,Driving_experience,Type_of_vehicle,Owner_of_vehicle,Service_year_of_vehicle,Defect_of_vehicle,Area_accident_occured,Lanes_or_Medians,Road_allignment,Types_of_Junction,Road_surface_type,Road_surface_conditions,Light_conditions,Weather_conditions,Type_of_collision,Number_of_vehicles_involved,Vehicle_movement,Casualty_class,Sex_of_casualty,Cause_of_accident
23:53:00,Thursday,31-50,Male,Junior high school,Employee,1-2yr,Automobile,Owner,Unknown,No defect,Residential areas,One way,Tangent road with flat terrain,Y Shape,Asphalt roads,Dry,Darkness - no lighting,Normal,Vehicle with vehicle collision,2,Going straight,Driver or rider,Female,Driving carelessly
11:30:00,Wednesday,Unknown,Male,Junior high school,Employee,Above 10yr,Lorry (41?100Q),Owner,Unknown,No defect,Other,Undivided Two way,Tangent road with flat terrain,Y Shape,Asphalt roads,Dry,Daylight,Normal,Vehicle with vehicle collision,2,Going straight,na,na,Changing lane to the right
11:30:00,Wednesday,31-50,Male,Junior high school,Employee,1-2yr,Automobile,Owner,Unknown,No defect,Office areas,Two-way (divided with broken lines road marking),Tangent road with flat terrain,Y Shape,Asphalt roads,Dry,Daylight,Normal,Vehicle with vehicle collision,2,Reversing,Driver or rider,Male,Moving Backward
09:15:00,Tuesday,18-30,Male,Junior high school,Employee,1-2yr,Automobile,Owner,5-10yrs,No defect,Other,Two-way (divided with broken lines road marking),Tangent road with flat terrain,No junction,Asphalt roads,Dry,Daylight,Cloudy,Collision with roadside objects,2,Going straight,Pedestrian,Male,Driving carelessly
09:15:00,Tuesday,Over 51,Male,Junior high school,Employee,2-5yr,Public (12 seats),Owner,Above 10yr,No defect,School areas,Undivided Two way,Tangent road with flat terrain,No junction,Asphalt roads,Dry,Daylight,Cloudy,Vehicle with vehicle collision,2,Going straight,Passenger,Female,Changing lane to the right
08:38:00,Tuesday,18-30,Male,High school,Employee,1-2yr,Taxi,Owner,5-10yrs,No defect,Other,Double carriageway (median),Tangent road with flat terrain,No junction,Asphalt roads,Dry,Daylight,Normal,Collision with roadside objects,1,Going straight,Pedestrian,Male,Driving carelessly
13:00:00,Thursday,18-30,Male,Junior high school,Employee,1-2yr,Automobile,Owner,2-5yrs,No defect, Industrial areas,Two-way (divided with broken lines road marking),Tangent road with flat terrain,No junction,Asphalt roads,Dry,Daylight,Normal,Collision with roadside objects,2,Going straight,Driver or rider,Female,Driving carelessly
13:00:00,Thursday,Over 51,Male,Elementary school,Employee,Above 10yr,Public (12 seats),Owner,2-5yrs,No defect,Other,Two-way (divided with broken lines road marking),Tangent road with flat terrain,No junction,Other,Dry,Daylight,Normal,Collision with pedestrians,2,Reversing,Passenger,Male,Driving carelessly
08:00:00,Thursday,Unknown,Male,Junior high school,Employee,Above 10yr,Stationwagen,Owner,Unknown,No defect,Office areas,Two-way (divided with broken lines road marking),Tangent road with flat terrain,No junction,,Dry,Daylight,Normal,Vehicle with vehicle collision,2,Going straight,Passenger,Male,Changing lane to the right
08:00:00,Thursday,18-30,Male,Elementary school,Employee,Above 10yr,Stationwagen,Owner,Unknown,No defect,Other,Two-way (divided with broken lines road marking),Tangent road with flat terrain,No junction,Asphalt roads,Dry,Daylight,Normal,Collision with roadside objects,2,Going straight,na,na,Changing lane to the right
13:13:00,Wednesday,31-50,Male,Junior high school,Employee,Above 10yr,Automobile,Owner,Unknown,No defect,Other,Two-way (divided with broken lines road marking),Tangent road with flat terrain,No junction,Asphalt roads,Dry,Daylight,Normal,Vehicle with vehicle collision,2,Other,na,na,Driving carelessly
13:13:00,Wednesday,Unknown,Female,Junior high school,Employee,1-2yr,Lorry (41?100Q),Organization,Above 10yr,No defect, Outside rural areas,Undivided Two way,Tangent road with flat terrain,No junction,Asphalt roads,Dry,Daylight,Normal,Vehicle with vehicle collision,2,Entering a junction,Driver or rider,Male,Overtaking
17:51:00,Tuesday,18-30,Male,Junior high school,Employee,5-10yr,Automobile,Owner,Unknown,No defect,Other,other,Tangent road with flat terrain,No junction,Asphalt roads,Dry,Daylight,Normal,Vehicle with vehicle collision,2,Turnover,na,na,Changing lane to the right
17:51:00,Tuesday,31-50,Male,High school,Owner,2-5yr,Public (12 seats),Owner,Above 10yr,No defect,Residential areas,Two-way (divided with broken lines road marking),Tangent road with flat terrain,No junction,Asphalt roads,Dry,Daylight,Normal,Vehicle with vehicle collision,2,Going straight,Driver or rider,Female,No distancing
15:50:00,Monday,31-50,Male,Junior high school,Employee,2-5yr,Automobile,Owner,Above 10yr,,Office areas,Two-way (divided with broken lines road marking),Tangent road with flat terrain,No junction,Asphalt roads,Dry,Daylight,Normal,Vehicle with vehicle collision,4,Going straight,na,na,Other
15:50:00,Monday,31-50,Male,Junior high school,Employee,5-10yr,Automobile,Owner,Unknown,,Office areas,Double carriageway (median),Tangent road with flat terrain,No junction,Asphalt roads,Dry,Daylight,Normal,Vehicle with vehicle collision,4,Going straight,Driver or rider,Male,Changing lane to the right
15:50:00,Monday,31-50,Male,Junior high school,Employee,5-10yr,Lorry (41?100Q),,2-5yrs,, Hospital areas,One way,,No junction,Asphalt roads,Dry,Daylight,Normal,Collision with roadside objects,4,Going straight,Pedestrian,Female,Changing lane to the right
15:50:00,Monday,18-30,Male,Junior high school,Employee,2-5yr,Automobile,Owner,Unknown,, Industrial areas,Two-way (divided with broken lines road marking),Tangent road with flat terrain,No junction,Asphalt roads,Dry,Daylight,Normal,Vehicle with vehicle collision,4,Going straight,Pedestrian,Male,Overtaking
15:45:00,Tuesday,Unknown,Male,High school,Employee,Above 10yr,Motorcycle,Owner,2-5yrs,No defect,Other,Undivided Two way,Tangent road with flat terrain,No junction,Asphalt roads,Dry,Daylight,Normal,Collision with roadside objects,2,Going straight,Passenger,Female,Other
15:45:00,Tuesday,18-30,Male,Elementary school,Employee,5-10yr,,Owner,,,Office areas,Undivided Two way,Tangent road with flat terrain,No junction,Asphalt roads,Dry,Daylight,Normal,Vehicle with vehicle collision,2,Going straight,na,na,Driving to the left
15:45:00,Tuesday,18-30,Male,Junior high school,Employee,Above 10yr,Automobile,Owner,Unknown,No defect,Office areas,other,Tangent road with flat terrain,No junction,Asphalt roads,Dry,Daylight,Normal,Vehicle with vehicle collision,2,Going straight,Driver or rider,Male,Overtaking
15:45:00,Tuesday,18-30,Male,Writing & reading,Employee,2-5yr,Automobile,Owner,Unknown,,Residential areas,Two-way (divided with broken lines road marking),Tangent road with flat terrain,No junction,Other,Dry,Daylight,Normal,Vehicle with vehicle collision,2,Getting off,Driver or rider,Male,No priority to vehicle
15:30:00,Monday,18-30,Male,Junior high school,Employee,2-5yr,Automobile,Owner,Unknown,,Residential areas,,Tangent road with flat terrain,No junction,Asphalt roads,Dry,Daylight,Normal,Collision with roadside objects,2,Getting off,Pedestrian,Female,Moving Backward
15:30:00,Monday,Over 51,Male,High school,Employee,2-5yr,Public (> 45 seats),Owner,Unknown,No defect,School areas,Two-way (divided with broken lines road marking),Tangent road with flat terrain,No junction,Asphalt roads,Dry,Daylight,Normal,Collision with roadside objects,2,Getting off,na,na,Other
13:37:00,Friday,31-50,Male,Junior high school,Employee,1-2yr,,Governmental,Unknown,No defect,Other,Two-way (divided with broken lines road marking),Tangent road with flat terrain,Y Shape,Asphalt roads,Dry,Daylight,Unknown,Vehicle with vehicle collision,2,Moving Backward,Driver or rider,Male,No priority to vehicle
13:37:00,Friday,31-50,Male,High school,Employee,5-10yr,Automobile,Governmental,Unknown,No defect,  Market areas,Undivided Two way,Tangent road with flat terrain,Y Shape,Asphalt roads,Dry,Daylight,Unknown,Vehicle with vehicle collision,2,Going straight,Pedestrian,Female,No priority to pedestrian
05:42:00,Monday,Over 51,Male,Elementary school,Employee,2-5yr,Automobile,Owner,Unknown,No defect,Office areas,other,Tangent road with flat terrain,No junction,Asphalt roads,Dry,Daylight,Normal,Vehicle with vehicle collision,2,Going straight,Driver or rider,Female,Changing lane to the right
05:42:00,Monday,Under 18,Male,Junior high school,Employee,1-2yr,Other,Owner,Unknown,No defect, Church areas,Two-way (divided with broken lines road marking),Tangent road with flat terrain,No junction,Asphalt roads,Dry,Daylight,Normal,Vehicle with vehicle collision,2,Waiting to go,Passenger,Female,Changing lane to the right
08:30:00,Tuesday,Unknown,Male,Elementary school,Employee,1-2yr,Stationwagen,Governmental,Unknown,No defect, Church areas,Two-way (divided with broken lines road marking),Tangent road with flat terrain,No junction,Asphalt roads,Dry,Daylight,Unknown,Vehicle with vehicle collision,2,Going straight,na,na,Changing lane to the right
08:30:00,Tuesday,31-50,Male,High school,Employee,No Licence,Lorry (41?100Q),Owner,Unknown,No defect,Residential areas,Double carriageway (median),Tangent road with flat terrain,No junction,Asphalt roads,Dry,Daylight,Unknown,Vehicle with vehicle collision,2,Going straight,Driver or rider,Male,Driving to the left
21:08:00,Saturday,31-50,Male,Junior high school,Owner,5-10yr,Taxi,Owner,Above 10yr,No defect,Residential areas,Two-way (divided with broken lines road marking),Tangent road with flat terrain,Y Shape,Asphalt roads,Dry,Darkness - lights lit,Normal,Vehicle with vehicle collision,2,Going straight,na,na,Changing lane to the left
21:08:00,Saturday,Unknown,Female,Junior high school,Employee,1-2yr,Other,Owner,Unknown,No defect,Residential areas,Double carriageway (median),Tangent road with flat terrain,Y Shape,Other,Dry,Darkness - lights lit,Normal,Collision with roadside objects,2,Reversing,Pedestrian,Male,Moving Backward
15:48:00,Monday,31-50,Male,Junior high school,Employee,2-5yr,Public (12 seats),Owner,Above 10yr,No defect,Residential areas,Two-way (divided with broken lines road marking),Tangent road with flat terrain,Other,Asphalt roads,Dry,Daylight,Normal,Collision with roadside objects,2,Going straight,na,na,Driving at high speed
15:48:00,Monday,Under 18,Male,Junior high school,Employee,5-10yr,Automobile,Owner,1-2yr,No defect,Other,Double carriageway (median),Tangent road with flat terrain,Other,Asphalt roads,Dry,Daylight,Normal,Collision with roadside objects,2,Going straight,Driver or rider,Male,Moving Backward
19:27:00,Friday,Under 18,Male,,,,Automobile,Owner,Unknown,No defect,Other,Two-way (divided with broken lines road marking),Tangent road with flat terrain,No junction,,Wet or damp,Daylight,Raining,Vehicle with vehicle collision,1,Other,Driver or rider,Male,No distancing
14:40:00,Saturday,Unknown,Female,,,,Public (13?45 seats),Owner,2-5yrs,No defect,Residential areas,Two-way (divided with broken lines road marking),Tangent road with flat terrain,No junction,Asphalt roads,Wet or damp,Daylight,Raining,Vehicle with vehicle collision,2,Entering a junction,na,na,Other
14:40:00,Saturday,18-30,Male,Junior high school,Employee,2-5yr,Lorry (41?100Q),Owner,Unknown,No defect,Other,other,Tangent road with flat terrain,No junction,Asphalt roads,Wet or damp,Daylight,Raining,Vehicle with vehicle collision,2,Turnover,na,na,No priority to vehicle
06:45:00,Thursday,31-50,Male,Junior high school,Employee,Above 10yr,Lorry (41?100Q),Owner,Unknown,No defect, Church areas,Undivided Two way,Tangent road with flat terrain,Y Shape,Asphalt roads,Dry,Daylight,Normal,Vehicle with vehicle collision,2,Going straight,Driver or rider,Male,Changing lane to the right
06:45:00,Thursday,31-50,Male,Junior high school,Owner,Above 10yr,Lorry (11?40Q),Owner,Unknown,No defect,Other,Undivided Two way,Tangent road with flat terrain,Y Shape,Earth roads,Dry,Daylight,Normal,Collision with pedestrians,2,Going straight,Passenger,Female,Other
19:30:00,Friday,18-30,Male,,,,Motorcycle,Owner,Unknown,No defect,Office areas,Undivided Two way,Tangent road with flat terrain,No junction,Asphalt roads,Wet or damp,Daylight,Normal,Collision with pedestrians,1,Going straight,Passenger,Male,No distancing
18:30:00,Monday,Over 51,Male,Elementary school,Owner,Above 10yr,Lorry (41?100Q),Owner,2-5yrs,No defect,Office areas,Two-way (divided with broken lines road marking),Tangent road with flat terrain,Y Shape,Asphalt roads,Dry,Daylight,Normal,Vehicle with vehicle collision,2,Going straight,Driver or rider,Male,Driving carelessly
18:30:00,Monday,18-30,Male,,,,Stationwagen,Owner,,,Residential areas,Undivided Two way,Tangent road with flat terrain,Y Shape,Asphalt roads,Dry,Daylight,Normal,Vehicle with vehicle collision,2,Going straight,na,na,No distancing
16:24:00,Tuesday,Under 18,Male,Junior high school,Owner,5-10yr,Automobile,Owner,Unknown,,Other,Two-way (divided with broken lines road marking),Tangent road with flat terrain,Y Shape,Asphalt roads,Dry,Daylight,Normal,Vehicle with vehicle collision,2,Going straight,na,na,Moving Backward
16:24:00,Tuesday,31-50,Male,Junior high school,Owner,Above 10yr,Other,Owner,Above 10yr,, Industrial areas,Undivided Two way,Tangent road with flat terrain,Y Shape,Asphalt roads,Dry,Daylight,Normal,Vehicle with vehicle collision,2,Going straight,Driver or rider,Male,No distancing
03:29:00,Tuesday,31-50,Male,High school,Owner,Above 10yr,Other,Owner,Unknown,,Office areas,Two-way (divided with broken lines road marking),Tangent road with flat terrain,No junction,Asphalt roads,Wet or damp,Darkness - no lighting,Windy,Vehicle with vehicle collision,2,Going straight,Passenger,Female,Moving Backward
03:29:00,Tuesday,31-50,Male,,,,Taxi,Organization,Unknown,,  Recreational areas,Two-way (divided with broken lines road marking),Tangent road with flat terrain,No junction,Asphalt roads,Wet or damp,Darkness - no lighting,Windy,Vehicle with vehicle collision,2,Getting off,Pedestrian,Male,No priority to pedestrian
03:29:00,Tuesday,Unknown,Male,Elementary school,Employee,5-10yr,Automobile,Owner,1-2yr,No defect,Residential areas,Two-way (divided with broken lines road marking),Tangent road with flat terrain,No junction,Asphalt roads,Wet or damp,Darkness - no lighting,Windy,Vehicle with vehicle collision,2,Getting off,na,na,Changing lane to the left
17:50:00,Friday,18-30,Male,Elementary school,Owner,Above 10yr,Long lorry,Owner,Above 10yr,,Residential areas,Undivided Two way,Tangent road with flat terrain,Y Shape,Asphalt roads,Dry,Daylight,Normal,Vehicle with vehicle collision,2,Getting off,Driver or rider,Male,No distancing
17:50:00,Friday,31-50,Male,Junior high school,Owner,Below 1yr,Long lorry,Owner,5-10yrs,, Church areas,Undivided Two way,Steep grade downward with mountainous terrain,Y Shape,Asphalt roads,Dry,Daylight,Normal,Vehicle with vehicle collision,2,Moving Backward,Driver or rider,Male,Other
06:25:00,Wednesday,18-30,Male,Junior high school,Owner,2-5yr,Lorry (41?100Q),Owner,5-10yrs,,Residential areas,Undivided Two way,Tangent road with flat terrain,Other,Asphalt roads,Dry,Daylight,Normal,Vehicle with vehicle collision,2,Going straight,na,na,No distancing
06:25:00,Wednesday,Unknown,Male,Junior high school,Owner,2-5yr,Lorry (41?100Q),Owner,Unknown,No defect,,other,Tangent road with flat terrain,Other,Asphalt roads,Dry,Daylight,Normal,Collision with roadside objects,2,Going straight,na,na,No priority to pedestrian
08:23:00,Friday,18-30,Male,High school,Owner,5-10yr,Lorry (11?40Q),Owner,5-10yrs,No defect,Other,Undivided Two way,Tangent road with flat terrain,No junction,Asphalt roads,Dry,Daylight,Normal,Rollover,2,Waiting to go,Driver or rider,Male,Moving Backward
08:23:00,Friday,31-50,Male,Junior high school,Owner,,Automobile,Owner,Unknown,,Other,Two-way (divided with solid lines road marking),Tangent road with flat terrain,No junction,Asphalt roads,Dry,Daylight,Normal,Vehicle with vehicle collision,2,Going straight,na,na,No priority to pedestrian
15:00:00,Sunday,31-50,Male,,Owner,Below 1yr,Taxi,Owner,Unknown,No defect, Church areas,Two-way (divided with solid lines road marking),Tangent road with flat terrain,No junction,Asphalt roads,Wet or damp,Daylight,Raining,Vehicle with vehicle collision,2,Other,na,na,No distancing
15:00:00,Sunday,31-50,Male,Elementary school,Owner,Above 10yr,Other,Governmental,,No defect,Other,Two-way (divided with solid lines road marking),Tangent road with flat terrain,No junction,Asphalt roads,Wet or damp,Daylight,Raining,Vehicle with vehicle collision,2,Going straight,na,na,No priority to pedestrian
15:00:00,Sunday,18-30,Male,Elementary school,Owner,Below 1yr,Automobile,Owner,Unknown,No defect, Church areas,Two-way (divided with solid lines road marking),Tangent road with flat terrain,No junction,Asphalt roads,Wet or damp,Daylight,Raining,Vehicle with vehicle collision,2,Going straight,Driver or rider,Male,Driving carelessly
20:17:00,Sunday,Under 18,Male,Junior high school,Owner,5-10yr,Automobile,Owner,Unknown,No defect, Church areas,Two-way (divided with broken lines road marking),Tangent road with flat terrain,Crossing,Earth roads,Dry,Daylight,Normal,Vehicle with vehicle collision,2,Going straight,na,na,Getting off the vehicle improperly
20:17:00,Sunday,31-50,Male,Junior high school,Owner,5-10yr,Automobile,Owner,Above 10yr,No defect,Other,Undivided Two way,Tangent road with flat terrain,Crossing,Asphalt roads,Dry,Daylight,Normal,Collision with roadside objects,2,Going straight,Driver or rider,Female,Driving carelessly
20:30:00,Monday,18-30,Male,,Owner,,Automobile,Governmental,5-10yrs,No defect,Other,Undivided Two way,Tangent road with flat terrain,No junction,Asphalt roads,Dry,Daylight,Normal,Collision with roadside objects,2,Overtaking,na,na,Changing lane to the left
20:30:00,Monday,31-50,Male,Junior high school,Employee,1-2yr,Public (> 45 seats),Owner,5-10yrs,No defect,School areas,other,Tangent road with flat terrain,No junction,Asphalt roads,Dry,Daylight,Normal,Vehicle with vehicle collision,2,Going straight,Driver or rider,Male,No priority to vehicle
15:31:00,Monday,31-50,Male,High school,Owner,5-10yr,Lorry (11?40Q),Owner,Above 10yr,No defect,Residential areas,Undivided Two way,Tangent road with flat terrain,Other,Asphalt roads,Dry,Daylight,Normal,Collision with roadside objects,1,Going straight,Driver or rider,Male,Changing lane to the right
18:00:00,Saturday,18-30,Male,Junior high school,Employee,5-10yr,Lorry (41?100Q),,1-2yr,No defect,Other,Two-way (divided with broken lines road marking),Tangent road with flat terrain,No junction,Asphalt roads,Dry,Daylight,Normal,Vehicle with vehicle collision,2,Going straight,na,na,Changing lane to the right
18:00:00,Saturday,Over 51,Male,Junior high school,Employee,5-10yr,Lorry (41?100Q),Owner,Above 10yr,No defect,Office areas,Undivided Two way,Tangent road with flat terrain,No junction,Asphalt roads,Dry,Daylight,Normal,Vehicle with vehicle collision,2,Turnover,Driver or rider,Male,No distancing
18:00:00,Tuesday,Under 18,Female,Junior high school,Employee,5-10yr,Stationwagen,Owner,Above 10yr,No defect,Residential areas,Undivided Two way,Tangent road with flat terrain,No junction,Asphalt roads,Dry,Daylight,Unknown,Vehicle with vehicle collision,1,Going straight,Passenger,Female,No distancing
17:20:00,Thursday,31-50,Male,Junior high school,Employee,Above 10yr,Other,Owner,Above 10yr,No defect,Other,One way,Steep grade downward with mountainous terrain,No junction,Asphalt roads,Dry,Daylight,Normal,Vehicle with vehicle collision,2,Going straight,na,na,Changing lane to the left
17:20:00,Thursday,Unknown,Male,Junior high school,Employee,5-10yr,Automobile,Owner,Above 10yr,No defect,Residential areas,Two-way (divided with broken lines road marking),Tangent road with flat terrain,No junction,Asphalt roads,Dry,Daylight,Normal,Vehicle with vehicle collision,2,Getting off,Driver or rider,Male,Changing lane to the right
12:20:00,Friday,Unknown,Male,Junior high school,Employee,No Licence,Pick up upto 10Q,Owner,5-10yrs,No defect,Residential areas,Undivided Two way,Tangent road with flat terrain,No junction,Asphalt roads,Dry,Daylight,Normal,Vehicle with vehicle collision,2,Moving Backward,na,na,No priority to vehicle
12:20:00,Friday,Under 18,Male,Above high school,Employee,Below 1yr,Motorcycle,Owner,,No defect,Residential areas,Two-way (divided with broken lines road marking),Tangent road with flat terrain,No junction,Earth roads,Dry,Daylight,Normal,Collision with pedestrians,2,Getting off,Driver or rider,Male,Changing lane to the left
18:00:00,Friday,31-50,Male,Elementary school,Employee,5-10yr,Automobile,Owner,1-2yr,No defect,Other,other,Tangent road with flat terrain,Other,Asphalt roads,Dry,Daylight,Normal,Vehicle with vehicle collision,3,Overtaking,na,na,No priority to vehicle
18:00:00,Friday,Over 51,Male,Elementary school,Employee,5-10yr,Pick up upto 10Q,Owner,5-10yrs,No defect,Other,Undivided Two way,Tangent road with flat terrain,Other,Asphalt roads,Dry,Daylight,Normal,Collision with roadside objects,3,Going straight,Driver or rider,Male,Moving Backward
18:00:00,Friday,Over 51,Male,Junior high school,Employee,5-10yr,Motorcycle,Owner,5-10yrs,No defect,Other,One way,Tangent road with flat terrain,Other,Asphalt roads,Dry,Daylight,Normal,Vehicle with vehicle collision,3,Going straight,na,na,Turnover
18:00:00,Friday,Over 51,Male,High school,Employee,5-10yr,Stationwagen,Owner,1-2yr,No defect, Hospital areas,Undivided Two way,Tangent road with flat terrain,Other,Asphalt roads,Dry,Daylight,Normal,Collision with roadside objects,3,Going straight,na,na,No distancing
01:20:00,Sunday,31-50,Male,Junior high school,Employee,5-10yr,Lorry (41?100Q),Owner,2-5yrs,No defect,Residential areas,Undivided Two way,Tangent road with flat terrain,Y Shape,Asphalt roads,Wet or damp,Darkness - lights lit,Raining,Vehicle with vehicle collision,1,Reversing,Driver or rider,Male,No distancing
07:10:00,Thursday,18-30,Male,Junior high school,Employee,2-5yr,Taxi,Owner,5-10yrs,No defect,Residential areas,One way,Tangent road with flat terrain,No junction,Asphalt roads,Dry,Daylight,Normal,Vehicle with vehicle collision,2,Getting off,Pedestrian,Male,No distancing
07:10:00,Thursday,31-50,Male,Writing & reading,Employee,5-10yr,Automobile,Owner,5-10yrs,No defect,Residential areas,Undivided Two way,Tangent road with flat terrain,No junction,Asphalt roads,Dry,Daylight,Normal,Collision with pedestrians,2,Going straight,Passenger,Female,Changing lane to the left
08:23:00,Tuesday,31-50,Male,Junior high school,Employee,Above 10yr,Long lorry,Owner,1-2yr,No defect,Other,Two-way (divided with broken lines road marking),Tangent road with flat terrain,Crossing,Asphalt roads,Wet or damp,Daylight,Raining,Vehicle with vehicle collision,2,Going straight,na,na,No priority to vehicle
08:23:00,Tuesday,Unknown,Male,Junior high school,Employee,1-2yr,Automobile,Owner,1-2yr,No defect,Office areas,Two-way (divided with broken lines road marking),Tangent road with flat terrain,Crossing,Gravel roads,Wet or damp,Daylight,Raining,Vehicle with vehicle collision,2,Going straight,Driver or rider,Male,Driving at high speed
17:25:00,Tuesday,18-30,Male,Writing & reading,Employee,Below 1yr,Public (12 seats),Owner,2-5yrs,No defect,Other,other,Tangent road with flat terrain,Crossing,Asphalt roads,Wet or damp,Daylight,Raining,Vehicle with vehicle collision,2,Reversing,na,na,Overtaking
17:25:00,Tuesday,Over 51,Male,Elementary school,Employee,1-2yr,Lorry (11?40Q),Owner,Unknown,No defect,Office areas,Double carriageway (median),Tangent road with flat terrain,Crossing,Asphalt roads,Wet or damp,Daylight,Raining,Vehicle with vehicle collision,2,Going straight,Driver or rider,Male,Other
08:17:00,Wednesday,Over 51,Male,Junior high school,Employee,5-10yr,Pick up upto 10Q,Owner,Unknown,No defect,Residential areas,Two-way (divided with broken lines road marking),Tangent road with flat terrain,No junction,Asphalt roads,Wet or damp,Daylight,Other,Collision with pedestrians,1,Stopping,Pedestrian,Female,Changing lane to the left
18:37:00,Thursday,Under 18,Male,Elementary school,Employee,Above 10yr,Lorry (41?100Q),Owner,Unknown,No defect,Office areas,Double carriageway (median),Gentle horizontal curve,Other,Asphalt roads,Dry,Daylight,Normal,Vehicle with vehicle collision,2,Overtaking,Pedestrian,Female,No priority to pedestrian
18:37:00,Thursday,Under 18,Male,Junior high school,Employee,5-10yr,Other,Owner,,No defect,Office areas,Double carriageway (median),Tangent road with flat terrain,Other,Asphalt roads,Dry,Daylight,Normal,Vehicle with vehicle collision,2,Going straight,na,na,Changing lane to the left
18:37:00,Thursday,Under 18,Male,Elementary school,Employee,2-5yr,Automobile,Organization,Unknown,No defect,Other,Double carriageway (median),Tangent road with flat terrain,Other,Asphalt roads,Dry,Daylight,Normal,Vehicle with vehicle collision,2,Reversing,Driver or rider,Male,No distancing
11:00:00,Wednesday,Unknown,Male,Junior high school,Employee,2-5yr,Long lorry,Owner,Unknown,No defect,Office areas,Two-way (divided with broken lines road marking),Tangent road with flat terrain,No junction,Asphalt roads,Dry,Daylight,Normal,Vehicle with vehicle collision,1,Going straight,Pedestrian,Male,Moving Backward
09:30:00,Sunday,Over 51,Male,Junior high school,Employee,Above 10yr,Lorry (11?40Q),Owner,Unknown,No defect,Office areas,,Tangent road with flat terrain,No junction,Asphalt roads,Dry,Daylight,Normal,Collision with roadside objects,2,Going straight,na,na,Changing lane to the left
09:30:00,Sunday,31-50,Male,Junior high school,Employee,2-5yr,Long lorry,Governmental,Unknown,,Office areas,One way,Tangent road with flat terrain,No junction,Asphalt roads,Dry,Daylight,Normal,Vehicle with vehicle collision,2,Reversing,Driver or rider,Female,Other
14:35:00,Monday,Unknown,Female,Junior high school,Owner,Below 1yr,Automobile,Owner,Unknown,,Other,Undivided Two way,Tangent road with flat terrain,No junction,Asphalt roads,Dry,Daylight,Normal,Vehicle with vehicle collision,2,Going straight,Driver or rider,Male,No distancing
14:35:00,Monday,18-30,Male,Junior high school,Employee,2-5yr,Taxi,Owner,Unknown,,Residential areas,,Tangent road with flat terrain,No junction,Asphalt roads,Dry,Daylight,Normal,Vehicle with vehicle collision,2,Waiting to go,Passenger,Female,Moving Backward
18:05:00,Wednesday,Over 51,Male,Junior high school,Employee,Above 10yr,Taxi,Owner,2-5yrs,No defect,Residential areas,Two-way (divided with broken lines road marking),Gentle horizontal curve,Y Shape,Asphalt roads,Dry,Daylight,Normal,Vehicle with vehicle collision,3,Going straight,na,na,No distancing
18:05:00,Wednesday,Under 18,Male,Junior high school,Employee,2-5yr,Long lorry,Owner,5-10yrs,, Church areas,Two-way (divided with broken lines road marking),Tangent road with flat terrain,Y Shape,Asphalt roads,Dry,Daylight,Normal,Collision with roadside objects,3,Going straight,Pedestrian,Female,Changing lane to the left
18:05:00,Wednesday,Under 18,Male,Elementary school,Employee,Above 10yr,Lorry (11?40Q),Owner,5-10yrs,,Other,Two-way (divided with broken lines road marking),Tangent road with flat terrain,Y Shape,Asphalt roads,Dry,Daylight,Normal,Vehicle with vehicle collision,3,Going straight,Driver or rider,Male,Changing lane to the left
18:05:00,Wednesday,Over 51,Male,Elementary school,Employee,Above 10yr,Lorry (11?40Q),Owner,Unknown,,Residential areas,Two-way (divided with broken lines road marking),Tangent road with flat terrain,Y Shape,Asphalt roads,Dry,Daylight,Normal,Vehicle with vehicle collision,3,Going straight,na,na,No priority to pedestrian
12:55:00,Wednesday,18-30,Male,Elementary school,Other,Above 10yr,Long lorry,Owner,2-5yrs,,Other,Undivided Two way,Tangent road with flat terrain,Y Shape,Asphalt roads,Dry,Daylight,Normal,Vehicle with vehicle collision,2,Getting off,Driver or rider,Male,Changing lane to the left
12:55:00,Wednesday,31-50,Male,Junior high school,Employee,Above 10yr,Turbo,Owner,2-5yrs,,Residential areas,Undivided Two way,Tangent road with flat terrain,Y Shape,Asphalt roads,Dry,Daylight,Normal,Vehicle with vehicle collision,2,Going straight,na,na,Driving carelessly
00:36:00,Tuesday,Unknown,Male,Junior high school,Employee,Below 1yr,Long lorry,Owner,2-5yrs,,Residential areas,Two-way (divided with broken lines road marking),Tangent road with flat terrain,No junction,Asphalt roads,Dry,Darkness - lights lit,Normal,Vehicle with vehicle collision,3,Going straight,Driver or rider,Male,Driving carelessly
00:36:00,Tuesday,31-50,Male,Elementary school,Employee,5-10yr,Long lorry,Owner,5-10yrs,No defect,Other,Two-way (divided with broken lines road marking),Tangent road with flat terrain,No junction,Asphalt roads,Dry,Darkness - lights lit,Normal,Vehicle with vehicle collision,3,Going straight,na,na,No priority to pedestrian
00:36:00,Tuesday,18-30,Male,Junior high school,Employee,2-5yr,Public (13?45 seats),,,,Other,Two-way (divided with broken lines road marking),Tangent road with flat terrain,No junction,Asphalt roads,Dry,Darkness - lights lit,Normal,Vehicle with vehicle collision,3,Reversing,Pedestrian,Female,Getting off the vehicle improperly